age,gender,height_cm,weight_kg,bmi,waistCircumference_cm,activityLevel,sleepHours,dietaryPreference,allergies,dailyWaterIntake_L,mealFrequency,currentCondition,familyHistory,bloodType,pollutionExposure,occupationType,addiction,stressLevel,Diseases
23,male,158,84,33.6,75,extremely_active,5,dairy-free,peanuts,3.8,5,none,hypertension,B-,high,sedentary,alcohol,low,"Diabetes, Lung Cancer, Stroke, Asthma, Anemia"
44,female,186,45,13.0,96,very_active,6,dairy-free,dairy,1.7,4,heart_disease,diabetes,B+,medium,sedentary,alcohol,low,"Lung Cancer, Stroke, Diabetes, Asthma, Arthritis"
21,male,170,95,32.9,72,extremely_active,9,pescatarian,dairy,2.5,5,asthma,hypertension,B-,low,mixed,tobacco,high,"Kidney Disease, Stroke, Arthritis, Migraine, Asthma"
38,male,166,63,22.9,76,lightly_active,4,halal,gluten,2.8,2,none,heart_disease,O-,medium,mixed,tobacco,high,"Migraine, Hypertension, Anemia, Arthritis, Stroke"
43,female,168,56,19.8,98,lightly_active,4,pescatarian,dairy,2.9,2,heart_disease,hypertension,AB-,high,sedentary,tobacco,low,"Stroke, Migraine, Anemia, Asthma, Arthritis"
40,female,177,79,25.2,70,moderately_active,8,vegan,gluten,3.0,3,none,diabetes,AB-,low,mixed,tobacco,low,"Migraine, Anemia, Stroke, Arthritis, Kidney Disease"
56,female,187,49,14.0,79,extremely_active,8,pescatarian,peanuts,3.0,2,asthma,hypertension,A+,high,physical,none,low,"Diabetes, Kidney Disease, Asthma, Heart Disease, Arthritis"
51,male,169,98,34.3,82,very_active,9,pescatarian,peanuts,1.2,3,heart_disease,heart_disease,A+,low,sedentary,none,low,"Lung Cancer, Diabetes, Kidney Disease, Heart Disease, Stroke"
30,male,172,72,24.3,93,lightly_active,6,kosher,shellfish,1.2,5,none,diabetes,A-,low,mixed,alcohol,low,"Kidney Disease, Stroke, Migraine, Hypertension, Diabetes"
38,male,188,78,22.1,93,sedentary,6,vegan,peanuts,1.4,2,hypertension,none,AB+,medium,sedentary,none,high,"Diabetes, Heart Disease, Lung Cancer, Asthma, Kidney Disease"
54,male,183,85,25.4,86,moderately_active,6,pescatarian,shellfish,1.2,5,heart_disease,heart_disease,AB+,low,physical,tobacco,high,"Kidney Disease, Migraine, Asthma, Stroke, Lung Cancer"
55,female,172,95,32.1,79,extremely_active,4,pescatarian,gluten,3.4,3,asthma,diabetes,A+,medium,mixed,none,high,"Diabetes, Hypertension, Kidney Disease, Anemia, Migraine"
65,female,152,83,35.9,97,extremely_active,8,kosher,peanuts,3.2,3,none,none,O-,high,sedentary,tobacco,moderate,"Kidney Disease, Migraine, Asthma, Hypertension, Arthritis"
46,male,171,63,21.5,78,extremely_active,7,kosher,gluten,2.3,2,diabetes,none,B+,medium,sedentary,tobacco,high,"Stroke, Hypertension, Kidney Disease, Lung Cancer, Arthritis"
55,male,167,46,16.5,95,sedentary,6,dairy-free,shellfish,3.0,2,asthma,diabetes,AB+,high,mixed,tobacco,low,"Migraine, Stroke, Kidney Disease, Arthritis, Anemia"
33,female,183,55,16.4,85,lightly_active,7,dairy-free,dairy,3.1,2,diabetes,heart_disease,B+,low,mixed,alcohol,low,"Heart Disease, Arthritis, Diabetes, Asthma, Hypertension"
64,female,155,47,19.6,100,moderately_active,5,vegan,dairy,2.5,2,hypertension,none,B+,medium,mixed,none,low,"Arthritis, Heart Disease, Hypertension, Kidney Disease, Anemia"
56,male,150,78,34.7,85,lightly_active,5,vegan,gluten,3.2,5,diabetes,heart_disease,AB+,low,physical,alcohol,low,"Anemia, Heart Disease, Asthma, Stroke, Kidney Disease"
40,female,167,66,23.7,71,sedentary,9,pescatarian,dairy,2.5,3,hypertension,heart_disease,O+,low,mixed,none,high,"Anemia, Arthritis, Migraine, Hypertension, Stroke"
65,female,162,73,27.8,71,moderately_active,7,pescatarian,shellfish,3.0,5,heart_disease,none,O+,high,mixed,tobacco,low,"Heart Disease, Diabetes, Hypertension, Anemia, Lung Cancer"
21,female,183,58,17.3,100,lightly_active,6,gluten-free,shellfish,3.6,5,diabetes,hypertension,A+,high,physical,tobacco,low,"Migraine, Arthritis, Asthma, Diabetes, Anemia"
50,male,176,89,28.7,93,moderately_active,5,vegetarian,dairy,1.8,4,heart_disease,heart_disease,AB-,medium,physical,none,low,"Diabetes, Migraine, Hypertension, Arthritis, Asthma"
18,female,159,53,21.0,80,lightly_active,8,vegetarian,none,1.4,3,asthma,hypertension,AB+,medium,mixed,tobacco,high,"Migraine, Lung Cancer, Diabetes, Hypertension, Anemia"
41,male,170,69,23.9,93,lightly_active,7,gluten-free,gluten,3.6,3,asthma,diabetes,AB+,high,mixed,alcohol,low,"Hypertension, Arthritis, Lung Cancer, Anemia, Asthma"
52,male,181,68,20.8,90,extremely_active,8,vegan,none,3.9,3,asthma,diabetes,A+,medium,mixed,none,low,"Migraine, Diabetes, Arthritis, Lung Cancer, Anemia"
26,male,187,73,20.9,75,very_active,9,kosher,dairy,2.2,4,none,heart_disease,O+,low,physical,none,moderate,"Diabetes, Arthritis, Hypertension, Heart Disease, Anemia"
61,female,186,72,20.8,73,extremely_active,5,gluten-free,none,2.6,3,diabetes,diabetes,B+,high,sedentary,alcohol,low,"Kidney Disease, Diabetes, Asthma, Arthritis, Stroke"
55,male,156,77,31.6,86,sedentary,9,kosher,dairy,2.4,3,hypertension,none,B+,medium,sedentary,tobacco,low,"Heart Disease, Stroke, Asthma, Migraine, Diabetes"
52,male,171,53,18.1,93,very_active,7,vegetarian,shellfish,2.0,5,heart_disease,heart_disease,AB-,low,mixed,tobacco,high,"Anemia, Lung Cancer, Diabetes, Kidney Disease, Migraine"
55,female,156,91,37.4,98,sedentary,8,dairy-free,gluten,3.7,3,diabetes,heart_disease,B+,medium,mixed,tobacco,moderate,"Heart Disease, Lung Cancer, Kidney Disease, Anemia, Arthritis"
33,male,163,64,24.1,91,very_active,8,pescatarian,none,2.9,3,none,hypertension,B+,high,physical,none,high,"Migraine, Diabetes, Heart Disease, Anemia, Stroke"
43,female,155,61,25.4,100,extremely_active,4,dairy-free,dairy,3.2,5,none,diabetes,O+,high,mixed,tobacco,moderate,"Diabetes, Migraine, Stroke, Asthma, Arthritis"
41,male,155,89,37.0,96,sedentary,5,vegetarian,gluten,2.2,3,hypertension,diabetes,AB+,high,mixed,none,moderate,"Arthritis, Lung Cancer, Anemia, Diabetes, Heart Disease"
29,male,187,68,19.4,91,sedentary,6,gluten-free,dairy,3.9,5,none,none,B-,medium,physical,tobacco,low,"Migraine, Kidney Disease, Heart Disease, Lung Cancer, Anemia"
34,other,180,84,25.9,92,extremely_active,5,halal,none,3.9,5,none,diabetes,O+,low,sedentary,tobacco,low,"Diabetes, Migraine, Lung Cancer, Kidney Disease, Stroke"
57,other,155,82,34.1,85,extremely_active,8,dairy-free,dairy,2.2,4,heart_disease,hypertension,B+,medium,physical,alcohol,moderate,"Heart Disease, Anemia, Stroke, Arthritis, Hypertension"
33,male,152,80,34.6,97,very_active,4,gluten-free,shellfish,1.5,5,none,diabetes,O+,low,mixed,tobacco,low,"Asthma, Lung Cancer, Stroke, Migraine, Kidney Disease"
18,male,170,91,31.5,80,extremely_active,8,gluten-free,none,3.1,3,heart_disease,heart_disease,A-,high,mixed,tobacco,moderate,"Kidney Disease, Anemia, Heart Disease, Stroke, Asthma"
21,male,190,94,26.0,71,extremely_active,9,vegan,shellfish,1.1,2,hypertension,hypertension,O-,medium,mixed,none,moderate,"Arthritis, Stroke, Migraine, Anemia, Heart Disease"
45,male,169,49,17.2,93,sedentary,6,kosher,none,2.4,4,diabetes,heart_disease,O-,medium,sedentary,tobacco,low,"Heart Disease, Stroke, Anemia, Diabetes, Arthritis"
31,male,173,58,19.4,80,very_active,5,dairy-free,none,2.3,4,diabetes,heart_disease,B-,medium,mixed,tobacco,moderate,"Asthma, Migraine, Diabetes, Stroke, Hypertension"
53,female,183,70,20.9,86,lightly_active,6,vegetarian,dairy,1.2,4,heart_disease,heart_disease,B+,medium,physical,alcohol,low,"Migraine, Lung Cancer, Kidney Disease, Diabetes, Heart Disease"
25,male,157,100,40.6,70,moderately_active,9,halal,gluten,2.9,5,diabetes,heart_disease,O+,low,sedentary,tobacco,high,"Anemia, Kidney Disease, Diabetes, Arthritis, Hypertension"
30,female,165,99,36.4,74,moderately_active,7,dairy-free,gluten,2.5,5,asthma,none,A+,low,mixed,none,low,"Diabetes, Arthritis, Anemia, Asthma, Heart Disease"
56,male,187,55,15.7,79,moderately_active,6,gluten-free,dairy,3.2,4,heart_disease,none,O-,medium,physical,tobacco,moderate,"Stroke, Heart Disease, Hypertension, Diabetes, Migraine"
53,female,181,87,26.6,90,sedentary,9,vegan,none,2.4,3,asthma,heart_disease,AB+,low,mixed,alcohol,low,"Stroke, Kidney Disease, Lung Cancer, Arthritis, Asthma"
21,male,163,82,30.9,75,moderately_active,5,vegan,shellfish,3.9,2,none,none,B-,high,physical,none,low,"Stroke, Hypertension, Asthma, Migraine, Anemia"
25,female,184,52,15.4,76,moderately_active,8,vegetarian,gluten,1.5,5,heart_disease,heart_disease,O-,high,mixed,tobacco,high,"Heart Disease, Hypertension, Stroke, Kidney Disease, Migraine"
52,male,181,53,16.2,73,very_active,5,kosher,none,2.3,3,asthma,none,O-,low,mixed,tobacco,moderate,"Heart Disease, Diabetes, Anemia, Arthritis, Stroke"
23,female,181,85,25.9,94,lightly_active,8,kosher,shellfish,2.3,4,asthma,hypertension,B-,medium,sedentary,tobacco,low,"Anemia, Stroke, Arthritis, Hypertension, Heart Disease"
60,female,168,61,21.6,91,lightly_active,7,vegan,peanuts,1.2,3,diabetes,hypertension,AB-,high,physical,none,high,"Anemia, Heart Disease, Diabetes, Migraine, Asthma"
31,male,162,52,19.8,75,sedentary,7,kosher,none,1.2,3,heart_disease,diabetes,O-,medium,physical,none,moderate,"Kidney Disease, Anemia, Arthritis, Asthma, Migraine"
36,male,156,78,32.1,75,sedentary,7,vegan,none,1.0,3,heart_disease,none,B+,medium,physical,alcohol,moderate,"Asthma, Heart Disease, Kidney Disease, Anemia, Arthritis"
30,male,185,46,13.4,85,moderately_active,5,dairy-free,peanuts,1.4,4,heart_disease,heart_disease,B+,medium,mixed,none,moderate,"Anemia, Stroke, Arthritis, Asthma, Heart Disease"
20,female,163,77,29.0,80,sedentary,4,halal,none,2.4,2,hypertension,heart_disease,AB-,low,mixed,tobacco,low,"Hypertension, Lung Cancer, Arthritis, Heart Disease, Migraine"
33,female,170,64,22.1,71,sedentary,8,halal,dairy,4.0,5,hypertension,diabetes,B-,high,mixed,tobacco,high,"Diabetes, Anemia, Arthritis, Stroke, Kidney Disease"
49,male,162,87,33.2,75,moderately_active,5,pescatarian,dairy,3.1,2,none,diabetes,O+,high,mixed,tobacco,moderate,"Lung Cancer, Heart Disease, Hypertension, Arthritis, Diabetes"
48,female,160,85,33.2,77,very_active,5,kosher,shellfish,3.0,2,heart_disease,hypertension,B+,low,sedentary,alcohol,high,"Hypertension, Asthma, Diabetes, Lung Cancer, Kidney Disease"
19,female,166,77,27.9,91,moderately_active,9,gluten-free,gluten,2.0,5,diabetes,hypertension,A+,high,physical,none,high,"Migraine, Kidney Disease, Lung Cancer, Heart Disease, Diabetes"
30,male,181,48,14.7,84,sedentary,7,vegan,peanuts,1.1,4,asthma,none,O-,low,mixed,alcohol,low,"Migraine, Lung Cancer, Heart Disease, Asthma, Kidney Disease"
27,male,189,80,22.4,92,moderately_active,8,gluten-free,none,1.9,2,none,diabetes,AB-,low,mixed,tobacco,moderate,"Stroke, Hypertension, Diabetes, Lung Cancer, Anemia"
35,female,183,73,21.8,79,very_active,6,kosher,dairy,2.2,3,asthma,heart_disease,O-,low,physical,alcohol,moderate,"Arthritis, Heart Disease, Stroke, Kidney Disease, Lung Cancer"
36,female,156,89,36.6,83,extremely_active,8,halal,peanuts,1.1,5,hypertension,hypertension,B-,high,mixed,none,high,"Arthritis, Anemia, Hypertension, Kidney Disease, Heart Disease"
64,male,163,77,29.0,88,extremely_active,9,vegan,dairy,1.7,2,asthma,none,AB+,low,physical,tobacco,low,"Lung Cancer, Arthritis, Diabetes, Hypertension, Asthma"
46,female,185,49,14.3,85,very_active,8,vegetarian,peanuts,3.8,3,diabetes,heart_disease,AB-,low,sedentary,alcohol,low,"Hypertension, Heart Disease, Lung Cancer, Asthma, Arthritis"
35,female,178,66,20.8,100,very_active,5,pescatarian,none,2.7,3,diabetes,diabetes,AB-,medium,physical,alcohol,high,"Heart Disease, Arthritis, Asthma, Kidney Disease, Stroke"
22,male,151,65,28.5,75,very_active,5,halal,shellfish,2.9,5,none,none,B+,high,sedentary,none,low,"Migraine, Asthma, Kidney Disease, Stroke, Anemia"
31,female,163,73,27.5,77,lightly_active,8,vegan,dairy,3.2,5,diabetes,hypertension,AB+,high,mixed,tobacco,high,"Stroke, Lung Cancer, Heart Disease, Diabetes, Hypertension"
53,female,177,92,29.4,73,extremely_active,6,vegetarian,peanuts,2.7,2,diabetes,hypertension,AB+,medium,physical,alcohol,low,"Hypertension, Kidney Disease, Asthma, Heart Disease, Arthritis"
39,female,171,89,30.4,79,moderately_active,4,halal,none,3.7,2,diabetes,hypertension,A+,high,mixed,tobacco,high,"Heart Disease, Kidney Disease, Arthritis, Hypertension, Lung Cancer"
39,male,169,47,16.5,85,moderately_active,5,vegan,none,2.0,3,heart_disease,hypertension,O+,low,mixed,alcohol,high,"Lung Cancer, Heart Disease, Anemia, Kidney Disease, Diabetes"
39,female,162,91,34.7,89,sedentary,5,pescatarian,peanuts,2.6,3,hypertension,heart_disease,AB+,medium,mixed,tobacco,moderate,"Hypertension, Lung Cancer, Arthritis, Stroke, Heart Disease"
18,male,178,68,21.5,83,very_active,7,gluten-free,dairy,2.4,4,none,hypertension,AB-,high,mixed,tobacco,low,"Heart Disease, Hypertension, Migraine, Stroke, Arthritis"
47,male,172,75,25.4,75,sedentary,4,pescatarian,none,2.9,2,hypertension,diabetes,O-,medium,sedentary,none,moderate,"Hypertension, Heart Disease, Lung Cancer, Arthritis, Stroke"
46,female,172,49,16.6,92,extremely_active,8,vegetarian,none,2.4,3,none,hypertension,B-,medium,sedentary,tobacco,low,"Migraine, Arthritis, Stroke, Heart Disease, Hypertension"
60,female,159,73,28.9,72,extremely_active,5,kosher,peanuts,2.3,3,asthma,diabetes,B-,low,mixed,alcohol,moderate,"Kidney Disease, Diabetes, Hypertension, Asthma, Lung Cancer"
36,male,155,55,22.9,99,moderately_active,5,dairy-free,shellfish,2.0,5,heart_disease,heart_disease,A-,high,mixed,none,moderate,"Migraine, Kidney Disease, Arthritis, Stroke, Asthma"
55,male,152,73,31.6,71,lightly_active,6,pescatarian,none,2.1,2,none,diabetes,B+,low,sedentary,tobacco,moderate,"Hypertension, Diabetes, Migraine, Arthritis, Anemia"
35,female,150,46,20.4,74,very_active,5,vegan,gluten,2.8,5,diabetes,diabetes,A+,low,physical,alcohol,low,"Kidney Disease, Hypertension, Migraine, Anemia, Asthma"
41,female,188,47,13.3,71,sedentary,5,gluten-free,peanuts,2.4,5,heart_disease,diabetes,A+,high,sedentary,none,moderate,"Hypertension, Asthma, Lung Cancer, Heart Disease, Diabetes"
38,male,165,81,29.8,97,very_active,6,halal,gluten,2.3,4,asthma,none,A-,medium,sedentary,tobacco,high,"Hypertension, Kidney Disease, Stroke, Asthma, Migraine"
29,male,161,94,36.3,81,lightly_active,9,kosher,peanuts,1.7,4,hypertension,hypertension,O+,medium,mixed,tobacco,low,"Asthma, Lung Cancer, Stroke, Migraine, Arthritis"
30,male,166,66,24.0,74,lightly_active,4,gluten-free,peanuts,1.9,5,asthma,none,A+,high,physical,tobacco,high,"Diabetes, Lung Cancer, Anemia, Asthma, Arthritis"
33,female,166,66,24.0,92,lightly_active,4,kosher,peanuts,3.4,5,asthma,heart_disease,B+,high,sedentary,alcohol,low,"Migraine, Asthma, Diabetes, Heart Disease, Kidney Disease"
55,female,169,68,23.8,98,lightly_active,5,halal,none,2.1,3,asthma,none,B-,low,physical,tobacco,low,"Heart Disease, Arthritis, Anemia, Stroke, Hypertension"
35,male,173,61,20.4,96,moderately_active,8,dairy-free,peanuts,2.4,2,none,none,A-,medium,physical,alcohol,moderate,"Diabetes, Migraine, Heart Disease, Hypertension, Kidney Disease"
26,female,157,74,30.0,73,moderately_active,9,vegan,gluten,3.8,5,diabetes,diabetes,O+,low,physical,alcohol,low,"Arthritis, Asthma, Migraine, Anemia, Stroke"
52,female,154,66,27.8,87,lightly_active,7,halal,peanuts,3.3,2,none,heart_disease,AB+,low,physical,tobacco,high,"Anemia, Stroke, Asthma, Heart Disease, Migraine"
56,male,157,65,26.4,77,sedentary,8,kosher,peanuts,3.1,2,diabetes,none,AB-,medium,physical,tobacco,moderate,"Hypertension, Diabetes, Lung Cancer, Heart Disease, Kidney Disease"
59,male,163,75,28.2,96,lightly_active,7,vegan,shellfish,2.8,4,none,heart_disease,B-,low,mixed,none,low,"Stroke, Asthma, Heart Disease, Diabetes, Kidney Disease"
43,female,168,55,19.5,98,extremely_active,5,gluten-free,peanuts,2.0,2,asthma,diabetes,O-,high,mixed,none,low,"Anemia, Heart Disease, Kidney Disease, Stroke, Lung Cancer"
50,female,158,85,34.0,98,moderately_active,7,pescatarian,dairy,3.0,5,heart_disease,hypertension,O-,low,mixed,tobacco,high,"Heart Disease, Migraine, Arthritis, Lung Cancer, Kidney Disease"
58,male,179,93,29.0,73,lightly_active,4,vegan,shellfish,3.5,4,heart_disease,heart_disease,B+,medium,physical,alcohol,low,"Arthritis, Hypertension, Kidney Disease, Anemia, Migraine"
40,male,182,51,15.4,94,sedentary,6,vegan,gluten,2.8,5,none,diabetes,B+,medium,physical,alcohol,moderate,"Migraine, Heart Disease, Arthritis, Kidney Disease, Asthma"
41,female,154,78,32.9,81,moderately_active,7,pescatarian,none,1.1,3,heart_disease,diabetes,B-,medium,mixed,alcohol,low,"Anemia, Stroke, Asthma, Diabetes, Migraine"
62,female,172,74,25.0,95,lightly_active,8,pescatarian,shellfish,2.4,4,none,heart_disease,O-,medium,mixed,tobacco,high,"Anemia, Asthma, Lung Cancer, Stroke, Hypertension"
65,female,188,49,13.9,96,extremely_active,6,halal,peanuts,2.9,5,none,none,AB+,low,physical,none,low,"Stroke, Kidney Disease, Arthritis, Migraine, Heart Disease"
28,male,151,77,33.8,100,moderately_active,9,vegan,none,1.3,4,asthma,hypertension,AB-,low,mixed,tobacco,high,"Diabetes, Stroke, Arthritis, Heart Disease, Hypertension"
55,male,154,70,29.5,93,extremely_active,4,halal,dairy,2.0,4,asthma,diabetes,AB-,medium,physical,alcohol,high,"Stroke, Arthritis, Hypertension, Anemia, Kidney Disease"
64,female,188,88,24.9,100,very_active,7,vegetarian,peanuts,3.9,5,diabetes,diabetes,B-,low,mixed,none,low,"Diabetes, Stroke, Migraine, Heart Disease, Arthritis"
